filename,label
413.jpg,0
299.jpg,0
315.jpg,0
357.jpg,0
212.jpg,0
567.jpg,0
449.jpg,0
29.jpg,1
579.jpg,0
152.jpg,1
118.jpg,1
559.jpg,0
157.jpg,1
101.jpg,1
592.jpg,0
446.jpg,0
194.jpg,1
195.jpg,1
228.jpg,0
388.jpg,0
53.jpg,1
278.jpg,0
72.jpg,1
99.jpg,1
517.jpg,0
562.jpg,0
216.jpg,0
597.jpg,0
365.jpg,0
242.jpg,0
548.jpg,0
15.jpg,1
100.jpg,1
135.jpg,1
571.jpg,0
568.jpg,0
295.jpg,0
364.jpg,0
308.jpg,0
34.jpg,1
67.jpg,1
8.jpg,1
481.jpg,0
117.jpg,1
222.jpg,0
589.jpg,0
530.jpg,0
23.jpg,1
271.jpg,0
459.jpg,0
348.jpg,0
577.jpg,0
128.jpg,1
19.jpg,1
468.jpg,0
430.jpg,0
354.jpg,0
196.jpg,1
166.jpg,1
424.jpg,0
297.jpg,0
88.jpg,1
89.jpg,1
325.jpg,0
345.jpg,0
150.jpg,1
294.jpg,0
526.jpg,0
182.jpg,1
179.jpg,1
479.jpg,0
137.jpg,1
74.jpg,1
410.jpg,0
85.jpg,1
497.jpg,0
11.jpg,1
276.jpg,0
22.jpg,1
275.jpg,0
499.jpg,0
285.jpg,0
221.jpg,0
12.jpg,1
37.jpg,1
133.jpg,1
478.jpg,0
593.jpg,0
97.jpg,1
173.jpg,1
287.jpg,0
14.jpg,1
590.jpg,0
412.jpg,0
55.jpg,1
71.jpg,1
461.jpg,0
586.jpg,0
603.jpg,0
81.jpg,1
73.jpg,1
588.jpg,0
209.jpg,0
177.jpg,1
539.jpg,0
202.jpg,1
293.jpg,0
256.jpg,0
1.jpg,1
329.jpg,0
156.jpg,1
401.jpg,0
541.jpg,0
282.jpg,0
451.jpg,0
353.jpg,0
596.jpg,0
434.jpg,0
366.jpg,0
394.jpg,0
280.jpg,0
181.jpg,1
260.jpg,0
454.jpg,0
62.jpg,1
367.jpg,0
561.jpg,0
281.jpg,0
66.jpg,1
563.jpg,0
304.jpg,0
279.jpg,0
215.jpg,0
513.jpg,0
443.jpg,0
193.jpg,1
427.jpg,0
96.jpg,1
566.jpg,0
400.jpg,0
10.jpg,1
385.jpg,0
154.jpg,1
112.jpg,1
207.jpg,0
93.jpg,1
505.jpg,0
580.jpg,0
4.jpg,1
65.jpg,1
224.jpg,0
45.jpg,1
581.jpg,0
273.jpg,0
108.jpg,1
286.jpg,0
438.jpg,0
140.jpg,1
161.jpg,1
44.jpg,1
498.jpg,0
189.jpg,1
371.jpg,0
265.jpg,0
467.jpg,0
372.jpg,0
183.jpg,1
445.jpg,0
523.jpg,0
547.jpg,0
52.jpg,1
494.jpg,0
492.jpg,0
254.jpg,0
569.jpg,0
444.jpg,0
576.jpg,0
123.jpg,1
109.jpg,1
92.jpg,1
543.jpg,0
407.jpg,0
104.jpg,1
163.jpg,1
306.jpg,0
489.jpg,0
175.jpg,1
206.jpg,0
251.jpg,0
48.jpg,1
578.jpg,0
76.jpg,1
138.jpg,1
211.jpg,0
267.jpg,0
125.jpg,1
340.jpg,0
574.jpg,0
307.jpg,0
36.jpg,1
226.jpg,0
507.jpg,0
174.jpg,1
395.jpg,0
328.jpg,0
98.jpg,1
564.jpg,0
49.jpg,1
565.jpg,0
291.jpg,0
551.jpg,0
452.jpg,0
64.jpg,1
129.jpg,1
231.jpg,0
408.jpg,0
570.jpg,0
525.jpg,0
436.jpg,0
373.jpg,0
491.jpg,0
105.jpg,1
218.jpg,0
243.jpg,0
6.jpg,1
27.jpg,1
384.jpg,0
250.jpg,0
432.jpg,0
510.jpg,0
458.jpg,0
406.jpg,0
480.jpg,0
326.jpg,0
501.jpg,0
338.jpg,0
572.jpg,0
335.jpg,0
80.jpg,1
473.jpg,0
252.jpg,0
426.jpg,0
405.jpg,0
514.jpg,0
184.jpg,1
0.jpg,1
466.jpg,0
190.jpg,1
20.jpg,1
381.jpg,0
16.jpg,1
544.jpg,0
370.jpg,0
416.jpg,0
237.jpg,0
369.jpg,0
397.jpg,0
531.jpg,0
599.jpg,0
542.jpg,0
86.jpg,1
106.jpg,1
213.jpg,0
236.jpg,0
111.jpg,1
144.jpg,1
59.jpg,1
392.jpg,0
323.jpg,0
453.jpg,0
537.jpg,0
598.jpg,0
500.jpg,0
145.jpg,1
159.jpg,1
332.jpg,0
56.jpg,1
107.jpg,1
314.jpg,0
31.jpg,1
187.jpg,1
210.jpg,0
595.jpg,0
136.jpg,1
26.jpg,1
431.jpg,0
341.jpg,0
253.jpg,0
368.jpg,0
346.jpg,0
425.jpg,0
532.jpg,0
121.jpg,1
533.jpg,0
205.jpg,0
484.jpg,0
391.jpg,0
284.jpg,0
290.jpg,0
439.jpg,0
7.jpg,1
220.jpg,0
393.jpg,0
241.jpg,0
249.jpg,0
390.jpg,0
113.jpg,1
217.jpg,0
552.jpg,0
506.jpg,0
386.jpg,0
149.jpg,1
84.jpg,1
309.jpg,0
68.jpg,1
455.jpg,0
602.jpg,0
387.jpg,0
349.jpg,0
40.jpg,1
594.jpg,0
311.jpg,0
33.jpg,1
126.jpg,1
398.jpg,0
503.jpg,0
322.jpg,0
2.jpg,1
32.jpg,1
409.jpg,0
482.jpg,0
490.jpg,0
399.jpg,0
13.jpg,1
402.jpg,0
233.jpg,0
504.jpg,0
527.jpg,0
246.jpg,0
259.jpg,0
575.jpg,0
520.jpg,0
95.jpg,1
41.jpg,1
176.jpg,1
528.jpg,0
214.jpg,0
296.jpg,0
268.jpg,0
229.jpg,0
521.jpg,0
134.jpg,1
356.jpg,0
165.jpg,1
122.jpg,1
496.jpg,0
57.jpg,1
298.jpg,0
554.jpg,0
429.jpg,0
464.jpg,0
534.jpg,0
477.jpg,0
536.jpg,0
585.jpg,0
462.jpg,0
419.jpg,0
476.jpg,0
545.jpg,0
38.jpg,1
35.jpg,1
199.jpg,1
379.jpg,0
303.jpg,0
258.jpg,0
441.jpg,0
422.jpg,0
518.jpg,0
47.jpg,1
420.jpg,0
414.jpg,0
234.jpg,0
337.jpg,0
502.jpg,0
472.jpg,0
219.jpg,0
58.jpg,1
495.jpg,0
266.jpg,0
344.jpg,0
186.jpg,1
601.jpg,0
170.jpg,1
153.jpg,1
178.jpg,1
375.jpg,0
61.jpg,1
200.jpg,1
301.jpg,0
591.jpg,0
28.jpg,1
263.jpg,0
469.jpg,0
300.jpg,0
77.jpg,1
415.jpg,0
230.jpg,0
172.jpg,1
540.jpg,0
316.jpg,0
488.jpg,0
583.jpg,0
376.jpg,0
558.jpg,0
317.jpg,0
374.jpg,0
160.jpg,1
168.jpg,1
421.jpg,0
440.jpg,0
39.jpg,1
465.jpg,0
378.jpg,0
42.jpg,1
269.jpg,0
255.jpg,0
54.jpg,1
447.jpg,0
91.jpg,1
120.jpg,1
493.jpg,0
94.jpg,1
318.jpg,0
146.jpg,1
50.jpg,1
582.jpg,0
305.jpg,0
555.jpg,0
18.jpg,1
359.jpg,0
87.jpg,1
191.jpg,1
119.jpg,1
167.jpg,1
377.jpg,0
553.jpg,0
143.jpg,1
239.jpg,0
261.jpg,0
550.jpg,0
352.jpg,0
361.jpg,0
83.jpg,1
188.jpg,1
382.jpg,0
423.jpg,0
313.jpg,0
272.jpg,0
358.jpg,0
334.jpg,0
142.jpg,1
508.jpg,0
538.jpg,0
203.jpg,1
248.jpg,0
411.jpg,0
5.jpg,1
333.jpg,0
82.jpg,1
60.jpg,1
270.jpg,0
147.jpg,1
43.jpg,1
198.jpg,1
342.jpg,0
362.jpg,0
471.jpg,0
164.jpg,1
180.jpg,1
9.jpg,1
103.jpg,1
524.jpg,0
437.jpg,0
204.jpg,0
